date,dailycase,acccase,Mnuminter,Cnuminter,Mnumvac,Cnumvac
2021-01-01,7522.0,590918.0,23.0,27.0,15.0,4.0
2021-01-02,6882.0,597800.0,23.0,22.0,10.0,2.0
2021-01-03,7605.0,605405.0,27.0,22.0,10.0,1.0
2021-01-04,7304.0,612709.0,30.0,18.0,32.0,7.0
2021-01-05,7864.0,620573.0,40.0,19.0,62.0,10.0
2021-01-06,8463.0,629036.0,34.0,30.0,30.0,11.0
2021-01-07,9083.0,638119.0,28.0,21.0,28.0,8.0
2021-01-08,8710.0,646829.0,31.0,24.0,36.0,8.0
2021-01-09,7802.0,654631.0,15.0,12.0,16.0,2.0
2021-01-10,6319.0,660950.0,38.0,17.0,26.0,4.0
2021-01-11,7042.0,667992.0,22.0,15.0,30.0,12.0
2021-01-12,6752.0,674744.0,31.0,35.0,29.0,8.0
2021-01-13,7412.0,682156.0,32.0,33.0,36.0,8.0
2021-01-14,6920.0,689076.0,29.0,20.0,46.0,8.0
2021-01-15,7052.0,696128.0,29.0,13.0,42.0,22.0
2021-01-16,6414.0,702542.0,51.0,21.0,25.0,1.0
2021-01-17,5157.0,707699.0,24.0,22.0,15.0,5.0
2021-01-18,5056.0,712755.0,26.0,27.0,22.0,6.0
2021-01-19,5434.0,718189.0,25.0,26.0,59.0,7.0
2021-01-20,5987.0,724176.0,20.0,11.0,28.0,12.0
2021-01-21,5599.0,729775.0,22.0,20.0,24.0,6.0
2021-01-22,5720.0,735495.0,27.0,25.0,25.0,9.0
2021-01-23,4877.0,740372.0,35.0,20.0,20.0,3.0
2021-01-24,4414.0,744786.0,28.0,23.0,39.0,6.0
2021-01-25,3866.0,748652.0,22.0,10.0,43.0,7.0
2021-01-26,4385.0,753037.0,24.0,30.0,117.0,20.0
2021-01-27,4546.0,757583.0,71.0,22.0,82.0,14.0
2021-01-28,4678.0,762261.0,32.0,18.0,67.0,9.0
2021-01-29,4514.0,766775.0,23.0,17.0,50.0,12.0
2021-01-30,4322.0,771097.0,31.0,15.0,30.0,1.0
2021-01-31,3687.0,774784.0,29.0,23.0,42.0,8.0
2021-02-01,3099.0,777883.0,24.0,16.0,33.0,6.0
2021-02-02,3544.0,781427.0,16.0,21.0,128.0,11.0
2021-02-03,3872.0,785299.0,33.0,29.0,58.0,5.0
2021-02-04,3722.0,789021.0,35.0,19.0,17.0,8.0
2021-02-05,3688.0,792709.0,37.0,12.0,54.0,12.0
2021-02-06,3680.0,796389.0,15.0,19.0,24.0,4.0
2021-02-07,3078.0,799467.0,25.0,11.0,22.0,3.0
2021-02-08,2633.0,802100.0,19.0,19.0,29.0,6.0
2021-02-09,2889.0,804989.0,56.0,19.0,23.0,6.0
2021-02-10,3334.0,808323.0,30.0,24.0,19.0,8.0
2021-02-11,3434.0,811757.0,17.0,17.0,30.0,7.0
2021-02-12,3235.0,814992.0,17.0,19.0,26.0,4.0
2021-02-13,3158.0,818150.0,31.0,15.0,18.0,3.0
2021-02-14,2610.0,820760.0,25.0,13.0,16.0,4.0
2021-02-15,2397.0,823157.0,20.0,22.0,9.0,2.0
2021-02-16,2615.0,825772.0,34.0,23.0,28.0,10.0
2021-02-17,3202.0,828974.0,21.0,22.0,40.0,13.0
2021-02-18,3178.0,832152.0,10.0,16.0,55.0,7.0
2021-02-19,3301.0,835453.0,16.0,13.0,43.0,11.0
2021-02-20,3059.0,838512.0,29.0,19.0,16.0,5.0
2021-02-21,2731.0,841243.0,40.0,26.0,11.0,2.0
2021-02-22,2782.0,844025.0,21.0,15.0,21.0,10.0
2021-02-23,2894.0,846919.0,20.0,10.0,35.0,11.0
2021-02-24,3014.0,849933.0,23.0,17.0,38.0,19.0
2021-02-25,3334.0,853267.0,27.0,24.0,57.0,6.0
2021-02-26,3053.0,856320.0,21.0,22.0,40.0,13.0
2021-02-27,3044.0,859364.0,22.0,17.0,33.0,6.0
2021-02-28,2613.0,861977.0,20.0,21.0,24.0,3.0
2021-03-01,2406.0,864383.0,25.0,20.0,52.0,11.0
2021-03-02,2805.0,867188.0,24.0,25.0,48.0,12.0
2021-03-03,3032.0,870220.0,22.0,19.0,50.0,4.0
2021-03-04,3240.0,873460.0,32.0,25.0,35.0,8.0
2021-03-05,3278.0,876738.0,30.0,14.0,46.0,7.0
2021-03-06,3120.0,879858.0,17.0,22.0,33.0,7.0
2021-03-07,2777.0,882635.0,21.0,22.0,16.0,5.0
2021-03-08,2680.0,885315.0,22.0,12.0,41.0,13.0
2021-03-09,2927.0,888242.0,16.0,16.0,36.0,9.0
2021-03-10,3266.0,891508.0,11.0,21.0,69.0,16.0
2021-03-11,3542.0,895050.0,13.0,18.0,64.0,10.0
2021-03-12,3778.0,898828.0,24.0,9.0,52.0,12.0
2021-03-13,3361.0,902189.0,23.0,15.0,39.0,7.0
2021-03-14,2864.0,905053.0,13.0,16.0,42.0,8.0
2021-03-15,2774.0,907827.0,21.0,13.0,58.0,22.0
2021-03-16,3508.0,911335.0,18.0,19.0,55.0,6.0
2021-03-17,4070.0,915405.0,18.0,12.0,49.0,10.0
2021-03-18,4285.0,919690.0,31.0,14.0,60.0,18.0
2021-03-19,4023.0,923713.0,20.0,14.0,59.0,13.0
2021-03-20,3991.0,927704.0,33.0,16.0,39.0,4.0
2021-03-21,3583.0,931287.0,31.0,27.0,21.0,5.0
2021-03-22,3595.0,934882.0,25.0,21.0,55.0,16.0
2021-03-23,4565.0,939447.0,27.0,15.0,39.0,20.0
2021-03-24,4998.0,944445.0,27.0,15.0,42.0,9.0
2021-03-25,5300.0,949745.0,42.0,25.0,33.0,12.0
2021-03-26,5266.0,955011.0,21.0,25.0,51.0,16.0
2021-03-27,4873.0,959884.0,26.0,24.0,28.0,8.0
2021-03-28,4839.0,964723.0,31.0,23.0,42.0,7.0
2021-03-29,4749.0,969472.0,27.0,23.0,73.0,10.0
2021-03-30,5651.0,975123.0,28.0,27.0,46.0,10.0
2021-03-31,6167.0,981290.0,30.0,22.0,70.0,15.0
2021-04-01,6553.0,987843.0,23.0,25.0,51.0,17.0
2021-04-02,6931.0,994774.0,27.0,15.0,38.0,10.0
2021-04-03,6705.0,1001479.0,46.0,24.0,36.0,20.0
2021-04-04,6243.0,1007722.0,36.0,29.0,34.0,14.0
2021-04-05,6187.0,1013909.0,35.0,18.0,70.0,22.0
2021-04-06,7311.0,1021220.0,29.0,38.0,53.0,11.0
2021-04-07,8762.0,1029982.0,40.0,34.0,90.0,10.0
2021-04-08,8601.0,1038583.0,37.0,27.0,95.0,20.0
2021-04-09,9352.0,1047935.0,26.0,29.0,94.0,30.0
2021-04-10,9237.0,1057172.0,43.0,34.0,60.0,11.0
2021-04-11,8226.0,1065398.0,41.0,26.0,49.0,16.0
2021-04-12,7875.0,1073273.0,38.0,27.0,69.0,15.0
2021-04-13,8533.0,1081806.0,34.0,28.0,58.0,14.0
2021-04-14,9778.0,1091584.0,33.0,23.0,75.0,20.0
2021-04-15,9379.0,1100963.0,40.0,30.0,63.0,14.0
2021-04-16,8530.0,1109493.0,50.0,37.0,84.0,17.0
2021-04-17,9133.0,1118626.0,45.0,37.0,39.0,6.0
2021-04-18,8363.0,1126989.0,55.0,25.0,32.0,4.0
2021-04-19,7213.0,1134202.0,25.0,24.0,59.0,17.0
2021-04-20,8259.0,1142461.0,23.0,20.0,52.0,10.0
2021-04-21,8511.0,1150972.0,28.0,30.0,62.0,23.0
2021-04-22,8911.0,1159883.0,27.0,25.0,62.0,22.0
2021-04-23,8023.0,1167906.0,24.0,31.0,100.0,11.0
2021-04-24,8002.0,1175908.0,31.0,27.0,54.0,12.0
2021-04-25,7330.0,1183238.0,39.0,15.0,38.0,8.0
2021-04-26,6901.0,1190139.0,33.0,24.0,64.0,21.0
2021-04-27,7735.0,1197874.0,20.0,33.0,92.0,13.0
2021-04-28,8569.0,1206443.0,29.0,28.0,64.0,17.0
2021-04-29,8225.0,1214668.0,31.0,23.0,64.0,16.0
2021-04-30,8446.0,1223114.0,27.0,18.0,68.0,18.0
2021-05-01,7924.0,1231038.0,29.0,23.0,45.0,11.0
2021-05-02,7146.0,1238184.0,43.0,33.0,67.0,9.0
2021-05-03,6427.0,1244611.0,28.0,16.0,83.0,13.0
2021-05-04,7339.0,1251950.0,21.0,23.0,64.0,14.0
2021-05-05,7729.0,1259679.0,15.0,21.0,59.0,23.0
2021-05-06,7649.0,1267328.0,24.0,19.0,56.0,17.0
2021-05-07,7678.0,1275006.0,17.0,23.0,62.0,11.0
2021-05-08,6884.0,1281890.0,25.0,11.0,60.0,13.0
2021-05-09,5994.0,1287884.0,37.0,14.0,54.0,8.0
2021-05-10,5602.0,1293486.0,24.0,28.0,50.0,14.0
2021-05-11,6384.0,1299870.0,27.0,15.0,68.0,13.0
2021-05-12,6313.0,1306183.0,17.0,10.0,74.0,14.0
2021-05-13,5910.0,1312093.0,26.0,20.0,62.0,9.0
2021-05-14,6115.0,1318208.0,25.0,21.0,55.0,24.0
2021-05-15,5467.0,1323675.0,51.0,26.0,37.0,18.0
2021-05-16,4320.0,1327995.0,42.0,20.0,45.0,13.0
2021-05-17,4176.0,1332171.0,34.0,23.0,53.0,17.0
2021-05-18,4596.0,1336767.0,28.0,21.0,67.0,8.0
2021-05-19,4579.0,1341346.0,26.0,22.0,44.0,10.0
2021-05-20,4615.0,1345961.0,23.0,14.0,41.0,16.0
2021-05-21,4353.0,1350314.0,15.0,11.0,29.0,5.0
2021-05-22,3794.0,1354108.0,14.0,17.0,19.0,10.0
2021-05-23,3029.0,1357137.0,12.0,7.0,29.0,6.0
2021-05-24,2575.0,1359712.0,14.0,12.0,12.0,3.0
2021-05-25,2457.0,1362169.0,19.0,18.0,36.0,22.0
2021-05-26,3153.0,1365322.0,24.0,13.0,47.0,7.0
2021-05-27,3046.0,1368368.0,30.0,19.0,41.0,11.0
2021-05-28,2820.0,1371188.0,23.0,15.0,40.0,10.0
2021-05-29,2653.0,1373841.0,13.0,18.0,31.0,5.0
2021-05-30,1980.0,1375821.0,15.0,13.0,14.0,6.0
2021-05-31,1724.0,1377545.0,27.0,22.0,58.0,8.0
2021-06-01,2034.0,1379579.0,16.0,19.0,61.0,11.0
2021-06-02,2121.0,1381700.0,13.0,7.0,39.0,13.0
2021-06-03,2100.0,1383800.0,12.0,8.0,45.0,4.0
2021-06-04,1940.0,1385740.0,17.0,7.0,31.0,7.0
2021-06-05,1610.0,1387350.0,30.0,21.0,16.0,3.0
2021-06-06,1298.0,1388648.0,15.0,7.0,15.0,5.0
2021-06-07,1139.0,1389787.0,19.0,15.0,39.0,7.0
2021-06-08,1501.0,1391288.0,40.0,22.0,50.0,17.0
2021-06-09,1469.0,1392757.0,35.0,20.0,37.0,8.0
2021-06-10,1456.0,1394213.0,19.0,22.0,50.0,38.0
2021-06-11,1358.0,1395571.0,25.0,14.0,38.0,8.0
2021-06-12,1287.0,1396858.0,18.0,13.0,19.0,4.0
2021-06-13,984.0,1397842.0,29.0,12.0,18.0,1.0
2021-06-14,911.0,1398753.0,25.0,12.0,44.0,9.0
2021-06-15,946.0,1399699.0,12.0,21.0,48.0,5.0
2021-06-16,1043.0,1400742.0,17.0,13.0,43.0,21.0
2021-06-17,1056.0,1401798.0,24.0,16.0,55.0,13.0
2021-06-18,1037.0,1402835.0,19.0,29.0,37.0,10.0
2021-06-19,829.0,1403664.0,25.0,25.0,30.0,10.0
2021-06-20,614.0,1404278.0,25.0,14.0,39.0,5.0
2021-06-21,559.0,1404837.0,35.0,37.0,39.0,11.0
2021-06-22,671.0,1405508.0,57.0,49.0,60.0,14.0
2021-06-23,721.0,1406229.0,33.0,36.0,39.0,10.0
2021-06-24,708.0,1406937.0,23.0,17.0,27.0,6.0
2021-06-25,681.0,1407618.0,56.0,71.0,36.0,7.0
2021-06-26,636.0,1408254.0,21.0,23.0,15.0,6.0
2021-06-27,536.0,1408790.0,14.0,24.0,22.0,7.0
2021-06-28,429.0,1409219.0,22.0,17.0,53.0,13.0
2021-06-29,595.0,1409814.0,24.0,28.0,39.0,9.0
2021-06-30,574.0,1410388.0,24.0,25.0,18.0,6.0
2021-07-01,435.0,1410823.0,39.0,37.0,22.0,10.0
2021-07-02,429.0,1411252.0,37.0,37.0,22.0,6.0
2021-07-03,472.0,1411724.0,53.0,40.0,13.0,2.0
2021-07-04,390.0,1412114.0,28.0,30.0,11.0,2.0
2021-07-05,361.0,1412475.0,74.0,69.0,22.0,6.0
2021-07-06,494.0,1412969.0,47.0,53.0,30.0,5.0
2021-07-07,533.0,1413502.0,31.0,25.0,29.0,9.0
2021-07-08,566.0,1414068.0,22.0,19.0,35.0,8.0
2021-07-09,446.0,1414514.0,16.0,19.0,49.0,10.0
2021-07-10,416.0,1414930.0,20.0,16.0,18.0,6.0
2021-07-11,338.0,1415268.0,12.0,8.0,10.0,2.0
2021-07-12,296.0,1415564.0,24.0,15.0,37.0,5.0
2021-07-13,330.0,1415894.0,13.0,24.0,32.0,5.0
2021-07-14,399.0,1416293.0,16.0,17.0,21.0,5.0
2021-07-15,453.0,1416746.0,22.0,15.0,23.0,6.0
2021-07-16,450.0,1417196.0,23.0,18.0,39.0,12.0
2021-07-17,446.0,1417642.0,20.0,16.0,31.0,3.0
2021-07-18,378.0,1418020.0,26.0,18.0,21.0,4.0
2021-07-19,365.0,1418385.0,17.0,17.0,20.0,3.0
2021-07-20,484.0,1418869.0,28.0,14.0,26.0,3.0
2021-07-21,581.0,1419450.0,19.0,15.0,30.0,12.0
2021-07-22,647.0,1420097.0,16.0,17.0,18.0,4.0
2021-07-23,633.0,1420730.0,27.0,8.0,21.0,3.0
2021-07-24,610.0,1421340.0,14.0,12.0,14.0,1.0
2021-07-25,474.0,1421814.0,15.0,13.0,8.0,1.0
2021-07-26,521.0,1422335.0,14.0,15.0,23.0,2.0
2021-07-27,753.0,1423088.0,23.0,27.0,33.0,10.0
2021-07-28,877.0,1423965.0,45.0,24.0,26.0,6.0
2021-07-29,930.0,1424895.0,36.0,27.0,28.0,13.0
2021-07-30,901.0,1425796.0,34.0,29.0,28.0,8.0
2021-07-31,903.0,1426699.0,30.0,18.0,22.0,3.0
2021-08-01,739.0,1427438.0,21.0,15.0,14.0,1.0
2021-08-02,657.0,1428095.0,23.0,16.0,10.0,8.0
2021-08-03,938.0,1429033.0,34.0,27.0,18.0,6.0
2021-08-04,1320.0,1430353.0,25.0,33.0,16.0,7.0
2021-08-05,1581.0,1431934.0,33.0,24.0,123.0,12.0
2021-08-06,1675.0,1433609.0,32.0,21.0,72.0,11.0
2021-08-07,1534.0,1435143.0,21.0,21.0,20.0,4.0
2021-08-08,1285.0,1436428.0,27.0,14.0,29.0,3.0
2021-08-09,1294.0,1437722.0,26.0,34.0,25.0,6.0
2021-08-10,1811.0,1439533.0,37.0,30.0,57.0,8.0
2021-08-11,2145.0,1441678.0,37.0,38.0,45.0,7.0
2021-08-12,2392.0,1444070.0,48.0,49.0,41.0,11.0
2021-08-13,2231.0,1446301.0,43.0,41.0,37.0,9.0
2021-08-14,1920.0,1448221.0,33.0,13.0,26.0,3.0
2021-08-15,1878.0,1450099.0,27.0,22.0,43.0,5.0
2021-08-16,1746.0,1451845.0,24.0,19.0,19.0,3.0
2021-08-17,2417.0,1454262.0,23.0,16.0,16.0,1.0
2021-08-18,2913.0,1457175.0,36.0,29.0,25.0,5.0
2021-08-19,2845.0,1460020.0,27.0,17.0,20.0,9.0
2021-08-20,3191.0,1463211.0,29.0,35.0,32.0,6.0
2021-08-21,2711.0,1465922.0,23.0,21.0,11.0,4.0
2021-08-22,2061.0,1467983.0,23.0,15.0,12.0,1.0
2021-08-23,2334.0,1470317.0,36.0,27.0,24.0,10.0
2021-08-24,3053.0,1473370.0,42.0,33.0,35.0,3.0
2021-08-25,3325.0,1476695.0,38.0,27.0,33.0,6.0
2021-08-26,3800.0,1480495.0,25.0,24.0,25.0,11.0
2021-08-27,3743.0,1484238.0,26.0,17.0,23.0,4.0
2021-08-28,3216.0,1487454.0,29.0,21.0,23.0,3.0
2021-08-29,2756.0,1490210.0,27.0,19.0,6.0,6.0
2021-08-30,2840.0,1493050.0,34.0,41.0,16.0,4.0
2021-08-31,3867.0,1496917.0,49.0,54.0,21.0,2.0
2021-09-01,4073.0,1500990.0,47.0,30.0,40.0,2.0
2021-09-02,4027.0,1505017.0,41.0,28.0,37.0,5.0
2021-09-03,4149.0,1509166.0,63.0,36.0,38.0,5.0
2021-09-04,3812.0,1512978.0,41.0,28.0,12.0,3.0
2021-09-05,3056.0,1516034.0,28.0,25.0,13.0,1.0
2021-09-06,3273.0,1519307.0,21.0,17.0,11.0,1.0
2021-09-07,3611.0,1522918.0,30.0,11.0,17.0,3.0
2021-09-08,4319.0,1527237.0,24.0,26.0,32.0,5.0
2021-09-09,4299.0,1531536.0,37.0,26.0,27.0,4.0
2021-09-10,4905.0,1536441.0,30.0,15.0,13.0,4.0
2021-09-11,4179.0,1540620.0,24.0,20.0,13.0,4.0
2021-09-12,3838.0,1544458.0,18.0,17.0,12.0,4.0
2021-09-13,3806.0,1548264.0,43.0,15.0,71.0,19.0
2021-09-14,4528.0,1552792.0,27.0,19.0,37.0,6.0
2021-09-15,4609.0,1557401.0,18.0,26.0,28.0,2.0
2021-09-16,5044.0,1562445.0,29.0,18.0,27.0,13.0
2021-09-17,4509.0,1566954.0,20.0,26.0,17.0,3.0
2021-09-18,4215.0,1571169.0,35.0,21.0,28.0,5.0
2021-09-19,3664.0,1574833.0,19.0,9.0,24.0,2.0
2021-09-20,4109.0,1578942.0,19.0,22.0,15.0,3.0
2021-09-21,3854.0,1582796.0,17.0,15.0,15.0,3.0
2021-09-22,4493.0,1587289.0,24.0,8.0,135.0,5.0
2021-09-23,4509.0,1591798.0,22.0,15.0,80.0,5.0
2021-09-24,4887.0,1596685.0,42.0,15.0,50.0,3.0
2021-09-25,4351.0,1601036.0,17.0,17.0,27.0,6.0
2021-09-26,4281.0,1605317.0,27.0,18.0,19.0,2.0
2021-09-27,3505.0,1608822.0,33.0,15.0,21.0,7.0
2021-09-28,4255.0,1613077.0,32.0,37.0,70.0,7.0
2021-09-29,4417.0,1617494.0,32.0,19.0,43.0,3.0
2021-09-30,4607.0,1622101.0,31.0,22.0,22.0,4.0
2021-10-01,4194.0,1626295.0,35.0,31.0,25.0,5.0
2021-10-02,3950.0,1630245.0,18.0,12.0,7.0,5.0
2021-10-03,3309.0,1633554.0,17.0,5.0,22.0,1.0
2021-10-04,2789.0,1636343.0,15.0,9.0,13.0,2.0
2021-10-05,3670.0,1640013.0,21.0,19.0,20.0,8.0
2021-10-06,3710.0,1643723.0,24.0,8.0,18.0,11.0
2021-10-07,4306.0,1648029.0,10.0,11.0,25.0,7.0
2021-10-08,3830.0,1651859.0,16.0,15.0,21.0,8.0
2021-10-09,3529.0,1655388.0,13.0,10.0,12.0,3.0
2021-10-10,2687.0,1658075.0,9.0,7.0,5.0,1.0
2021-10-11,2385.0,1660460.0,10.0,5.0,7.0,1.0
2021-10-12,2520.0,1662980.0,12.0,8.0,21.0,6.0
2021-10-13,3102.0,1666082.0,35.0,32.0,15.0,6.0
2021-10-14,3531.0,1669613.0,25.0,24.0,23.0,4.0
2021-10-15,3277.0,1672890.0,14.0,18.0,13.0,4.0
2021-10-16,3233.0,1676123.0,12.0,14.0,11.0,2.0
2021-10-17,2328.0,1678451.0,10.0,6.0,5.0,2.0
2021-10-18,2133.0,1680584.0,22.0,17.0,19.0,2.0
2021-10-19,2800.0,1683384.0,22.0,10.0,11.0,1.0
2021-10-20,2834.0,1686218.0,18.0,17.0,11.0,4.0
2021-10-21,2726.0,1688944.0,13.0,13.0,16.0,3.0
2021-10-22,2676.0,1691620.0,17.0,10.0,12.0,3.0
2021-10-23,2223.0,1693843.0,14.0,14.0,8.0,4.0
2021-10-24,1916.0,1695759.0,15.0,10.0,6.0,2.0
2021-10-25,1868.0,1697627.0,12.0,13.0,15.0,5.0
2021-10-26,2247.0,1699874.0,15.0,13.0,12.0,3.0
2021-10-27,2680.0,1702554.0,11.0,12.0,20.0,4.0
2021-10-28,2555.0,1705109.0,25.0,7.0,27.0,13.0
2021-10-29,2481.0,1707590.0,10.0,11.0,20.0,6.0
2021-10-30,2103.0,1709693.0,11.0,15.0,13.0,2.0
2021-10-31,1889.0,1711582.0,7.0,15.0,8.0,2.0
2021-11-01,1871.0,1713453.0,11.0,16.0,14.0,5.0
2021-11-02,2141.0,1715594.0,24.0,16.0,13.0,5.0
2021-11-03,2622.0,1718216.0,19.0,10.0,16.0,11.0
2021-11-04,2627.0,1720843.0,13.0,12.0,21.0,9.0
2021-11-05,2837.0,1723680.0,18.0,7.0,22.0,5.0
2021-11-06,2470.0,1726150.0,10.0,10.0,10.0,5.0
2021-11-07,2169.0,1728319.0,18.0,9.0,12.0,3.0
2021-11-08,2174.0,1730493.0,11.0,10.0,14.0,3.0
2021-11-09,2584.0,1733077.0,10.0,15.0,13.0,6.0
2021-11-10,2701.0,1735778.0,18.0,16.0,26.0,2.0
2021-11-11,2690.0,1738468.0,21.0,8.0,15.0,1.0
2021-11-12,2706.0,1741174.0,9.0,15.0,5.0,3.0
2021-11-13,2394.0,1743568.0,9.0,11.0,6.0,1.0
2021-11-14,2007.0,1745575.0,11.0,19.0,9.0,1.0
2021-11-15,2091.0,1747666.0,18.0,11.0,12.0,5.0
2021-11-16,2227.0,1749893.0,18.0,12.0,27.0,7.0
2021-11-17,2704.0,1752597.0,17.0,7.0,19.0,7.0
2021-11-18,2987.0,1755584.0,13.0,13.0,17.0,4.0
2021-11-19,2692.0,1758276.0,13.0,5.0,29.0,3.0
2021-11-20,2743.0,1761019.0,15.0,9.0,13.0,4.0
2021-11-21,2217.0,1763236.0,9.0,10.0,16.0,2.0
2021-11-22,2147.0,1765383.0,6.0,11.0,21.0,3.0
2021-11-23,2642.0,1768025.0,12.0,7.0,50.0,5.0
2021-11-24,2807.0,1770832.0,15.0,9.0,39.0,8.0
2021-11-25,3117.0,1773949.0,11.0,6.0,29.0,2.0
2021-11-26,3178.0,1777127.0,9.0,11.0,18.0,2.0
2021-11-27,2788.0,1779915.0,12.0,19.0,12.0,2.0
2021-11-28,2247.0,1782162.0,27.0,7.0,13.0,2.0
2021-11-29,2210.0,1784372.0,27.0,14.0,27.0,7.0
2021-11-30,2970.0,1787342.0,20.0,13.0,27.0,7.0
2021-12-01,3258.0,1790600.0,18.0,11.0,16.0,5.0
2021-12-02,3510.0,1794110.0,16.0,13.0,27.0,4.0
2021-12-03,3656.0,1797766.0,10.0,17.0,19.0,6.0
2021-12-04,3280.0,1801046.0,12.0,10.0,16.0,2.0
2021-12-05,2959.0,1804005.0,20.0,14.0,8.0,2.0
2021-12-06,2976.0,1806981.0,17.0,9.0,35.0,3.0
2021-12-07,3498.0,1810479.0,17.0,22.0,30.0,4.0
2021-12-08,3969.0,1814448.0,13.0,10.0,21.0,4.0
2021-12-09,4824.0,1819272.0,9.0,12.0,20.0,3.0
2021-12-10,4847.0,1824119.0,11.0,17.0,30.0,5.0
2021-12-11,4804.0,1828923.0,7.0,8.0,25.0,5.0
2021-12-12,4158.0,1833081.0,19.0,15.0,17.0,5.0
2021-12-13,4262.0,1837343.0,25.0,18.0,43.0,3.0
2021-12-14,5831.0,1843174.0,26.0,25.0,38.0,6.0
2021-12-15,7576.0,1850750.0,37.0,33.0,30.0,18.0
2021-12-16,8594.0,1859344.0,27.0,39.0,52.0,9.0
2021-12-17,10412.0,1869756.0,39.0,28.0,37.0,11.0
2021-12-18,10686.0,1880442.0,41.0,32.0,15.0,11.0
2021-12-19,10916.0,1891358.0,33.0,29.0,14.0,4.0
2021-12-20,11676.0,1903034.0,37.0,21.0,52.0,9.0
2021-12-21,16051.0,1919085.0,31.0,36.0,40.0,10.0
2021-12-22,21465.0,1940550.0,20.0,40.0,40.0,4.0
2021-12-23,28758.0,1969308.0,38.0,25.0,23.0,13.0
2021-12-24,29545.0,1998853.0,27.0,20.0,28.0,11.0
2021-12-25,25998.0,2024851.0,16.0,14.0,8.0,3.0
2021-12-26,23730.0,2048581.0,13.0,8.0,10.0,3.0
2021-12-27,25711.0,2074292.0,16.0,9.0,32.0,5.0
2021-12-28,34942.0,2109234.0,34.0,28.0,23.0,4.0
2021-12-29,44066.0,2153300.0,28.0,17.0,28.0,8.0
2021-12-30,48009.0,2201309.0,30.0,32.0,19.0,4.0
2021-12-31,50936.0,2252245.0,35.0,32.0,15.0,3.0
2022-01-01,41375.0,2293620.0,29.0,16.0,10.0,1.0
2022-01-02,35062.0,2328682.0,23.0,17.0,22.0,2.0
2022-01-03,38364.0,2367046.0,31.0,21.0,18.0,8.0
2022-01-04,41971.0,2409017.0,80.0,27.0,31.0,7.0
2022-01-05,44519.0,2453536.0,54.0,38.0,41.0,10.0
2022-01-06,47424.0,2500960.0,35.0,30.0,43.0,13.0
2022-01-07,44427.0,2545387.0,41.0,10.0,68.0,9.0
2022-01-08,39948.0,2585335.0,29.0,12.0,49.0,18.0
2022-01-09,30028.0,2615363.0,21.0,13.0,55.0,5.0
2022-01-10,31979.0,2647342.0,24.0,18.0,40.0,13.0
2022-01-11,32712.0,2680054.0,26.0,16.0,55.0,10.0
2022-01-12,32407.0,2712461.0,25.0,14.0,97.0,6.0
2022-01-13,30246.0,2742707.0,27.0,16.0,85.0,3.0
2022-01-14,31022.0,2773729.0,22.0,10.0,68.0,4.0
2022-01-15,26039.0,2799768.0,31.0,22.0,22.0,3.0
2022-01-16,21525.0,2821293.0,24.0,14.0,29.0,1.0
2022-01-17,20493.0,2841786.0,17.0,11.0,21.0,5.0
2022-01-18,21394.0,2863180.0,18.0,13.0,31.0,1.0
2022-01-19,22177.0,2885357.0,14.0,17.0,32.0,2.0
2022-01-20,22315.0,2907672.0,30.0,12.0,29.0,1.0
2022-01-21,20301.0,2927973.0,19.0,9.0,30.0,5.0
2022-01-22,17679.0,2945652.0,19.0,17.0,18.0,1.0
2022-01-23,13263.0,2958915.0,21.0,11.0,20.0,4.0
2022-01-24,14318.0,2973233.0,25.0,8.0,46.0,5.0
2022-01-25,18499.0,2991732.0,32.0,13.0,28.0,10.0
2022-01-26,18640.0,3010372.0,18.0,19.0,63.0,5.0
2022-01-27,17610.0,3027982.0,81.0,32.0,52.0,6.0
2022-01-28,16877.0,3044859.0,67.0,37.0,63.0,7.0
2022-01-29,12740.0,3057599.0,108.0,52.0,92.0,17.0
2022-01-30,10721.0,3068320.0,138.0,42.0,173.0,20.0
2022-01-31,11371.0,3079691.0,106.0,65.0,105.0,25.0
2022-02-01,14465.0,3094156.0,70.0,32.0,59.0,14.0
2022-02-02,14447.0,3108603.0,89.0,42.0,56.0,4.0
2022-02-03,13070.0,3121673.0,75.0,40.0,47.0,7.0
2022-02-04,12562.0,3134235.0,112.0,62.0,54.0,16.0
2022-02-05,9851.0,3144086.0,145.0,54.0,47.0,19.0
2022-02-06,7846.0,3151932.0,110.0,59.0,59.0,10.0
2022-02-07,9058.0,3160990.0,117.0,61.0,75.0,15.0
2022-02-08,10737.0,3171727.0,93.0,49.0,80.0,11.0
2022-02-09,10325.0,3182052.0,129.0,63.0,43.0,9.0
2022-02-10,9477.0,3191529.0,95.0,67.0,53.0,16.0
2022-02-11,9000.0,3200529.0,75.0,40.0,44.0,5.0
2022-02-12,7774.0,3208303.0,80.0,46.0,29.0,4.0
2022-02-13,5059.0,3213362.0,87.0,35.0,39.0,10.0
2022-02-14,6769.0,3220131.0,71.0,33.0,23.0,7.0
2022-02-15,7417.0,3227548.0,70.0,57.0,32.0,2.0
2022-02-16,7282.0,3234830.0,65.0,43.0,25.0,4.0
2022-02-17,7479.0,3242309.0,63.0,36.0,36.0,8.0
2022-02-18,6369.0,3248678.0,92.0,46.0,35.0,7.0
2022-02-19,6012.0,3254690.0,95.0,47.0,31.0,10.0
2022-02-20,3719.0,3258409.0,93.0,27.0,30.0,8.0
2022-02-21,4598.0,3263007.0,74.0,27.0,25.0,1.0
2022-02-22,6614.0,3269621.0,64.0,24.0,16.0,3.0
2022-02-23,7189.0,3276810.0,51.0,25.0,14.0,6.0
2022-02-24,6231.0,3283041.0,32.0,20.0,26.0,1.0
2022-02-25,6198.0,3289239.0,43.0,17.0,18.0,5.0
2022-02-26,5116.0,3294355.0,41.0,35.0,6.0,1.0
2022-02-27,3211.0,3297566.0,44.0,29.0,4.0,3.0
2022-02-28,6658.0,3304224.0,56.0,58.0,11.0,3.0
2022-03-01,5204.0,3309428.0,81.0,97.0,12.0,4.0
2022-03-02,6997.0,3316425.0,81.0,67.0,13.0,2.0
2022-03-03,4811.0,3321236.0,51.0,27.0,13.0,4.0
2022-03-04,6648.0,3327884.0,40.0,29.0,6.0,1.0
2022-03-05,4291.0,3332175.0,31.0,16.0,10.0,1.0
2022-03-06,2416.0,3334591.0,22.0,30.0,8.0,1.0
2022-03-07,5779.0,3340370.0,35.0,31.0,4.0,3.0
2022-03-08,6693.0,3347063.0,29.0,30.0,13.0,1.0
2022-03-09,6130.0,3353193.0,100.0,65.0,13.0,4.0
2022-03-10,4888.0,3358081.0,72.0,49.0,12.0,1.0
2022-03-11,6363.0,3364444.0,84.0,78.0,7.0,4.0
2022-03-12,4642.0,3369086.0,57.0,45.0,7.0,4.0
2022-03-13,2988.0,3372074.0,38.0,31.0,9.0,2.0
2022-03-14,4315.0,3376389.0,49.0,32.0,5.0,3.0
2022-03-15,5774.0,3382163.0,44.0,44.0,7.0,2.0
2022-03-16,5753.0,3387916.0,39.0,24.0,8.0,2.0
2022-03-17,5222.0,3393138.0,23.0,33.0,9.0,1.0
2022-03-18,4751.0,3397889.0,63.0,28.0,7.0,1.0
2022-03-19,4717.0,3402606.0,37.0,37.0,10.0,1.0
2022-03-20,3268.0,3405874.0,69.0,44.0,8.0,2.0
2022-03-21,3803.0,3409677.0,139.0,108.0,17.0,2.0
2022-03-22,10511.0,3420188.0,58.0,47.0,12.0,2.0
2022-03-23,6340.0,3426528.0,51.0,29.0,15.0,1.0
2022-03-24,6770.0,3433298.0,43.0,28.0,15.0,1.0
2022-03-25,6301.0,3439599.0,51.0,31.0,17.0,2.0
2022-03-26,6474.0,3446073.0,44.0,31.0,9.0,2.0
2022-03-27,4475.0,3450548.0,45.0,31.0,5.0,1.0
2022-03-28,4972.0,3455520.0,41.0,12.0,8.0,1.0
2022-03-29,12853.0,3468373.0,18.0,22.0,10.0,1.0
2022-03-30,8107.0,3476480.0,45.0,23.0,6.0,1.0
2022-03-31,8122.0,3484602.0,50.0,33.0,7.0,1.0
2022-04-01,7781.0,3492383.0,47.0,17.0,6.0,1.0
2022-04-02,12759.0,3505142.0,43.0,23.0,5.0,1.0
2022-04-03,5279.0,3510421.0,47.0,30.0,3.0,2.0
2022-04-04,6173.0,3516594.0,81.0,23.0,8.0,2.0
2022-04-05,11485.0,3528079.0,102.0,98.0,14.0,1.0
2022-04-06,9075.0,3537154.0,103.0,50.0,19.0,3.0
2022-04-07,8747.0,3545901.0,89.0,34.0,12.0,7.0
2022-04-08,8907.0,3554808.0,68.0,41.0,17.0,3.0
2022-04-09,14062.0,3568870.0,48.0,29.0,12.0,3.0
2022-04-10,5715.0,3574585.0,45.0,24.0,13.0,3.0
2022-04-11,6636.0,3581221.0,67.0,37.0,8.0,4.0
2022-04-12,10943.0,3592164.0,69.0,37.0,11.0,4.0
2022-04-13,9424.0,3601588.0,88.0,65.0,2.0,3.0
2022-04-14,9206.0,3610794.0,66.0,42.0,9.0,1.0
2022-04-15,7749.0,3618543.0,32.0,20.0,7.0,1.0
2022-04-16,10618.0,3629161.0,27.0,20.0,6.0,1.0
2022-04-17,4988.0,3634149.0,24.0,11.0,4.0,2.0
2022-04-18,3904.0,3638053.0,30.0,14.0,5.0,9.0
2022-04-19,9290.0,3647343.0,63.0,45.0,6.0,3.0
2022-04-20,9252.0,3656595.0,69.0,38.0,8.0,2.0
2022-04-21,8193.0,3664788.0,60.0,40.0,7.0,3.0
2022-04-22,8035.0,3672823.0,51.0,40.0,8.0,1.0
2022-04-23,10287.0,3683110.0,35.0,16.0,4.0,1.0
2022-04-24,4166.0,3687276.0,43.0,31.0,5.0,1.0
2022-04-25,4744.0,3692020.0,15.0,14.0,6.0,1.0
2022-04-26,8950.0,3700970.0,35.0,11.0,6.0,1.0
2022-04-27,6114.0,3707084.0,32.0,13.0,6.0,2.0
2022-04-28,5984.0,3713068.0,28.0,17.0,12.0,3.0
2022-04-29,5337.0,3718405.0,25.0,19.0,30.0,3.0
2022-04-30,7514.0,3725919.0,26.0,17.0,16.0,4.0
2022-05-01,3281.0,3729200.0,31.0,10.0,4.0,4.0
2022-05-02,3932.0,3733132.0,13.0,20.0,6.0,4.0
2022-05-03,6530.0,3739662.0,20.0,10.0,6.0,2.0
2022-05-04,5044.0,3744706.0,48.0,25.0,9.0,2.0
2022-05-05,4750.0,3749456.0,24.0,16.0,18.0,2.0
2022-05-06,4354.0,3753810.0,26.0,18.0,6.0,2.0
2022-05-07,6413.0,3760223.0,53.0,45.0,5.0,2.0
2022-05-08,2110.0,3762333.0,23.0,13.0,1.0,2.0
2022-05-09,3455.0,3765788.0,21.0,11.0,3.0,1.0
2022-05-10,4939.0,3770727.0,29.0,11.0,5.0,1.0
2022-05-11,4053.0,3774780.0,23.0,24.0,9.0,1.0
2022-05-12,3674.0,3778454.0,18.0,18.0,6.0,4.0
2022-05-13,3197.0,3781651.0,50.0,16.0,9.0,1.0
2022-05-14,4914.0,3786565.0,78.0,39.0,9.0,1.0
2022-05-15,2126.0,3788691.0,26.0,18.0,3.0,3.0
2022-05-16,2469.0,3791160.0,25.0,17.0,6.0,1.0
2022-05-17,3986.0,3795146.0,19.0,20.0,4.0,2.0
2022-05-18,2865.0,3798011.0,35.0,12.0,5.0,2.0
2022-05-19,2725.0,3800736.0,14.0,25.0,4.0,1.0
2022-05-20,2266.0,3803002.0,26.0,8.0,5.0,1.0
2022-05-21,3541.0,3806543.0,17.0,14.0,3.0,3.0
2022-05-22,1455.0,3807998.0,9.0,7.0,2.0,3.0
2022-05-23,1537.0,3809535.0,12.0,8.0,3.0,3.0
2022-05-24,2652.0,3812187.0,14.0,10.0,2.0,3.0
2022-05-25,2458.0,3814645.0,11.0,13.0,3.0,3.0
2022-05-26,2379.0,3817024.0,17.0,8.0,5.0,4.0
2022-05-27,2085.0,3819109.0,28.0,17.0,6.0,1.0
2022-05-28,3012.0,3822121.0,14.0,12.0,6.0,1.0
2022-05-29,1158.0,3823279.0,15.0,16.0,1.0,2.0
2022-05-30,1875.0,3825154.0,12.0,13.0,5.0,1.0
2022-05-31,2761.0,3827915.0,14.0,11.0,8.0,1.0
2022-06-01,2016.0,3829931.0,14.0,11.0,6.0,1.0
2022-06-02,2096.0,3832027.0,25.0,9.0,4.0,1.0
2022-06-03,1910.0,3833937.0,18.0,14.0,10.0,1.0
2022-06-04,2614.0,3836551.0,15.0,8.0,4.0,1.0
2022-06-05,1268.0,3837819.0,10.0,9.0,2.0,3.0
2022-06-06,1607.0,3839426.0,11.0,6.0,4.0,1.0
2022-06-07,2845.0,3842271.0,31.0,19.0,4.0,1.0
2022-06-08,1997.0,3844268.0,25.0,21.0,7.0,2.0
2022-06-09,2032.0,3846300.0,47.0,51.0,9.0,2.0
2022-06-10,1869.0,3848169.0,20.0,23.0,10.0,2.0
2022-06-11,2934.0,3851103.0,26.0,19.0,6.0,2.0
2022-06-12,1218.0,3852321.0,26.0,15.0,1.0,2.0
2022-06-13,1444.0,3853765.0,18.0,18.0,12.0,3.0
2022-06-14,2021.0,3855786.0,21.0,14.0,12.0,1.0
2022-06-15,1992.0,3857778.0,26.0,11.0,6.0,1.0
2022-06-16,2017.0,3859795.0,19.0,8.0,4.0,1.0
2022-06-17,1848.0,3861643.0,17.0,10.0,7.0,5.0
2022-06-18,3056.0,3864699.0,25.0,14.0,4.0,1.0
2022-06-19,1274.0,3865973.0,23.0,15.0,5.0,1.0
2022-06-20,1472.0,3867445.0,25.0,21.0,6.0,1.0
2022-06-21,2319.0,3869764.0,19.0,11.0,3.0,4.0
2022-06-22,2469.0,3872233.0,19.0,12.0,4.0,2.0
2022-06-23,2616.0,3874849.0,17.0,13.0,6.0,1.0
2022-06-24,2289.0,3877138.0,23.0,10.0,5.0,2.0
2022-06-25,3457.0,3880595.0,17.0,5.0,6.0,2.0
2022-06-26,1567.0,3882162.0,16.0,5.0,6.0,1.0
2022-06-27,2039.0,3884201.0,40.0,13.0,3.0,1.0
2022-06-28,3192.0,3887393.0,15.0,11.0,9.0,1.0
2022-06-29,3205.0,3890598.0,32.0,7.0,6.0,4.0
2022-06-30,3393.0,3893991.0,37.0,18.0,17.0,1.0
2022-07-01,3114.0,3897105.0,27.0,21.0,21.0,8.0
2022-07-02,4362.0,3901467.0,18.0,15.0,6.0,3.0
2022-07-03,2457.0,3903924.0,12.0,16.0,6.0,2.0
2022-07-04,3182.0,3907106.0,24.0,15.0,9.0,1.0
2022-07-05,4258.0,3911364.0,32.0,11.0,14.0,1.0
2022-07-06,4226.0,3915590.0,19.0,17.0,4.0,3.0
2022-07-07,4234.0,3919824.0,24.0,12.0,7.0,1.0
2022-07-08,3640.0,3923464.0,26.0,16.0,10.0,1.0
2022-07-09,5577.0,3929041.0,9.0,12.0,3.0,1.0
2022-07-10,2578.0,3931619.0,27.0,12.0,3.0,1.0
2022-07-11,3422.0,3935041.0,20.0,18.0,10.0,2.0
2022-07-12,4920.0,3939961.0,22.0,17.0,6.0,4.0
2022-07-13,4992.0,3944953.0,21.0,20.0,21.0,7.0
2022-07-14,4958.0,3949911.0,12.0,11.0,20.0,12.0
2022-07-15,4432.0,3954343.0,17.0,6.0,11.0,3.0
2022-07-16,7488.0,3961831.0,17.0,13.0,5.0,2.0
2022-07-17,3181.0,3965012.0,22.0,18.0,7.0,2.0
2022-07-18,3790.0,3968802.0,17.0,11.0,9.0,4.0
2022-07-19,5267.0,3974069.0,22.0,13.0,7.0,2.0
2022-07-20,5499.0,3979568.0,23.0,10.0,8.0,1.0
2022-07-21,4921.0,3984489.0,30.0,16.0,10.0,2.0
2022-07-22,4424.0,3988913.0,27.0,26.0,5.0,5.0
2022-07-23,6279.0,3995192.0,13.0,19.0,2.0,1.0
2022-07-24,2917.0,3998109.0,14.0,15.0,11.0,3.0
2022-07-25,3570.0,4001679.0,8.0,11.0,15.0,5.0
2022-07-26,4748.0,4006427.0,13.0,10.0,8.0,4.0
2022-07-27,4326.0,4010753.0,17.0,11.0,14.0,3.0
2022-07-28,4185.0,4014938.0,20.0,21.0,28.0,3.0
2022-07-29,3732.0,4018670.0,21.0,11.0,31.0,2.0
2022-07-30,5391.0,4024061.0,7.0,12.0,12.0,2.0
2022-07-31,2483.0,4026544.0,8.0,8.0,14.0,2.0
2022-08-01,2482.0,4029026.0,16.0,9.0,10.0,2.0
2022-08-02,3592.0,4032618.0,17.0,12.0,7.0,2.0
2022-08-03,4362.0,4036980.0,15.0,13.0,9.0,4.0
2022-08-04,4018.0,4040998.0,11.0,8.0,20.0,1.0
2022-08-05,3458.0,4044456.0,21.0,13.0,12.0,2.0
2022-08-06,5131.0,4049587.0,15.0,16.0,6.0,2.0
2022-08-07,2234.0,4051821.0,14.0,12.0,3.0,2.0
2022-08-08,2646.0,4054467.0,20.0,13.0,7.0,2.0
2022-08-09,3977.0,4058444.0,13.0,14.0,8.0,1.0
2022-08-10,3537.0,4061981.0,27.0,10.0,10.0,3.0
2022-08-11,3587.0,4065568.0,20.0,18.0,8.0,3.0
2022-08-12,3341.0,4068909.0,19.0,10.0,2.0,2.0
2022-08-13,5910.0,4074819.0,17.0,9.0,6.0,1.0
2022-08-14,2097.0,4076916.0,14.0,13.0,6.0,1.0
2022-08-15,2580.0,4079496.0,17.0,9.0,8.0,2.0
2022-08-16,3575.0,4083071.0,14.0,11.0,11.0,2.0
2022-08-17,3615.0,4086686.0,11.0,16.0,13.0,3.0
2022-08-18,3364.0,4090050.0,16.0,13.0,14.0,3.0
2022-08-19,3054.0,4093104.0,15.0,10.0,8.0,1.0
2022-08-20,4467.0,4097571.0,15.0,11.0,11.0,3.0
2022-08-21,2063.0,4099634.0,14.0,3.0,7.0,1.0
2022-08-22,2446.0,4102080.0,16.0,6.0,5.0,1.0
2022-08-23,3261.0,4105341.0,12.0,8.0,6.0,2.0
2022-08-24,3202.0,4108543.0,22.0,20.0,13.0,2.0
2022-08-25,2748.0,4111291.0,16.0,10.0,9.0,1.0
2022-08-26,2619.0,4113910.0,13.0,10.0,7.0,1.0
2022-08-27,4412.0,4118322.0,12.0,8.0,7.0,1.0
2022-08-28,1757.0,4120079.0,15.0,6.0,3.0,1.0
2022-08-29,2033.0,4122112.0,7.0,15.0,7.0,3.0
2022-08-30,2850.0,4124962.0,18.0,11.0,4.0,2.0
2022-08-31,2877.0,4127839.0,24.0,11.0,4.0,3.0
2022-09-01,2643.0,4130482.0,22.0,13.0,6.0,1.0
2022-09-02,2428.0,4132910.0,10.0,11.0,6.0,2.0
2022-09-03,3584.0,4136494.0,12.0,9.0,3.0,1.0
2022-09-04,1429.0,4137923.0,12.0,9.0,4.0,1.0
2022-09-05,1516.0,4139439.0,12.0,9.0,3.0,1.0
2022-09-06,2184.0,4141623.0,13.0,10.0,11.0,1.0
2022-09-07,2736.0,4144359.0,23.0,21.0,14.0,2.0
2022-09-08,2628.0,4146987.0,23.0,15.0,6.0,2.0
2022-09-09,2389.0,4149376.0,10.0,6.0,5.0,2.0
2022-09-10,5110.0,4154486.0,4.0,5.0,5.0,2.0
2022-09-11,1563.0,4156049.0,18.0,9.0,2.0,1.0
2022-09-12,2151.0,4158200.0,20.0,8.0,5.0,5.0
2022-09-13,2798.0,4160998.0,15.0,8.0,9.0,5.0
2022-09-14,2593.0,4163591.0,16.0,5.0,3.0,1.0
2022-09-15,2542.0,4166133.0,12.0,7.0,4.0,1.0
2022-09-16,2318.0,4168451.0,14.0,7.0,1.0,2.0
2022-09-17,3751.0,4172202.0,19.0,5.0,5.0,1.0
2022-09-18,1578.0,4173780.0,12.0,9.0,7.0,1.0
2022-09-19,1985.0,4175765.0,13.0,10.0,5.0,1.0
2022-09-20,2765.0,4178530.0,28.0,18.0,8.0,2.0
2022-09-21,3152.0,4181682.0,16.0,19.0,13.0,2.0
2022-09-22,2790.0,4184472.0,18.0,12.0,2.0,2.0
2022-09-23,2523.0,4186995.0,11.0,14.0,4.0,2.0
2022-09-24,3809.0,4190804.0,9.0,9.0,4.0,1.0
2022-09-25,1797.0,4192601.0,10.0,4.0,4.0,1.0
2022-09-26,2164.0,4194765.0,29.0,20.0,12.0,4.0
2022-09-27,3097.0,4197862.0,17.0,17.0,8.0,2.0
2022-09-28,3051.0,4200913.0,22.0,20.0,6.0,2.0
2022-09-29,3029.0,4203942.0,7.0,8.0,5.0,2.0
2022-09-30,2590.0,4206532.0,13.0,10.0,5.0,1.0
2022-10-01,3981.0,4210513.0,13.0,8.0,1.0,1.0
2022-10-02,1620.0,4212133.0,13.0,8.0,4.0,1.0
2022-10-03,2310.0,4214443.0,14.0,7.0,8.0,3.0
2022-10-04,3191.0,4217634.0,17.0,7.0,24.0,3.0
2022-10-05,3212.0,4220846.0,16.0,11.0,13.0,3.0
2022-10-06,2887.0,4223733.0,14.0,19.0,6.0,1.0
2022-10-07,2966.0,4226699.0,15.0,11.0,3.0,2.0
2022-10-08,4389.0,4231088.0,13.0,17.0,7.0,2.0
2022-10-09,1876.0,4232964.0,12.0,9.0,4.0,2.0
2022-10-10,1933.0,4234897.0,10.0,5.0,3.0,1.0
2022-10-11,2604.0,4237501.0,9.0,9.0,5.0,3.0
2022-10-12,3805.0,4241306.0,10.0,11.0,11.0,3.0
2022-10-13,3655.0,4244961.0,34.0,11.0,9.0,3.0
2022-10-14,3110.0,4248071.0,67.0,20.0,7.0,7.0
2022-10-15,4531.0,4252602.0,31.0,21.0,4.0,2.0
2022-10-16,1962.0,4254564.0,22.0,21.0,2.0,2.0
2022-10-17,1986.0,4256550.0,15.0,10.0,9.0,1.0
2022-10-18,2877.0,4259427.0,33.0,12.0,15.0,2.0
2022-10-19,3319.0,4262746.0,27.0,18.0,8.0,2.0
2022-10-20,3642.0,4266388.0,20.0,19.0,8.0,1.0
2022-10-21,3215.0,4269603.0,27.0,15.0,12.0,1.0
2022-10-22,4502.0,4274105.0,14.0,13.0,6.0,1.0
2022-10-23,1792.0,4275897.0,8.0,15.0,6.0,1.0
2022-10-24,2529.0,4278426.0,14.0,9.0,4.0,1.0
2022-10-25,3479.0,4281905.0,11.0,10.0,7.0,2.0
2022-10-26,3034.0,4284939.0,14.0,4.0,10.0,2.0
2022-10-27,3133.0,4288072.0,18.0,17.0,7.0,2.0
2022-10-28,2849.0,4290921.0,13.0,16.0,5.0,2.0
2022-10-29,4301.0,4295222.0,16.0,9.0,4.0,1.0
2022-10-30,1695.0,4296917.0,9.0,11.0,8.0,1.0
2022-10-31,1945.0,4298862.0,12.0,19.0,1.0,1.0
2022-11-01,2900.0,4301762.0,18.0,23.0,10.0,3.0
2022-11-02,2836.0,4304598.0,26.0,21.0,5.0,3.0
2022-11-03,2558.0,4307156.0,27.0,11.0,5.0,1.0
2022-11-04,2547.0,4309703.0,22.0,13.0,3.0,2.0
2022-11-05,3771.0,4313474.0,17.0,12.0,1.0,2.0
2022-11-06,1630.0,4315104.0,11.0,15.0,3.0,1.0
2022-11-07,1857.0,4316961.0,20.0,6.0,19.0,1.0
2022-11-08,2544.0,4319505.0,39.0,29.0,5.0,2.0
2022-11-09,2245.0,4321750.0,77.0,35.0,14.0,3.0
2022-11-10,2215.0,4323965.0,74.0,30.0,9.0,3.0
2022-11-11,1806.0,4325771.0,52.0,20.0,3.0,2.0
2022-11-12,3065.0,4328836.0,69.0,32.0,11.0,2.0
2022-11-13,1329.0,4330165.0,45.0,32.0,6.0,2.0
2022-11-14,1579.0,4331744.0,63.0,34.0,3.0,3.0
2022-11-15,2222.0,4333966.0,59.0,33.0,17.0,1.0
2022-11-16,2410.0,4336376.0,55.0,35.0,5.0,1.0
2022-11-17,2091.0,4338467.0,27.0,30.0,1.0,1.0
2022-11-18,1862.0,4340329.0,31.0,25.0,2.0,1.0
2022-11-19,3093.0,4343422.0,36.0,17.0,3.0,3.0
2022-11-20,1260.0,4344682.0,17.0,17.0,3.0,3.0
2022-11-21,1647.0,4346329.0,19.0,19.0,6.0,1.0
2022-11-22,2210.0,4348539.0,34.0,19.0,3.0,1.0
2022-11-23,2287.0,4350826.0,77.0,27.0,4.0,3.0
2022-11-24,2227.0,4353053.0,29.0,22.0,6.0,1.0
2022-11-25,2064.0,4355117.0,56.0,39.0,8.0,1.0
2022-11-26,3364.0,4358481.0,35.0,14.0,2.0,2.0
2022-11-27,1386.0,4359867.0,29.0,13.0,8.0,2.0
2022-11-28,1707.0,4361574.0,35.0,14.0,14.0,2.0
2022-11-29,2383.0,4363957.0,20.0,14.0,5.0,1.0
2022-11-30,2530.0,4366487.0,19.0,18.0,11.0,1.0
2022-12-01,2564.0,4369051.0,17.0,12.0,2.0,6.0
2022-12-02,2047.0,4371098.0,7.0,11.0,2.0,6.0
2022-12-03,3530.0,4374628.0,16.0,10.0,3.0,6.0
2022-12-04,1477.0,4376105.0,17.0,9.0,3.0,1.0
2022-12-05,1740.0,4377845.0,23.0,18.0,7.0,1.0
2022-12-06,2488.0,4380333.0,19.0,18.0,6.0,1.0
2022-12-07,2641.0,4382974.0,16.0,11.0,19.0,2.0
2022-12-08,2464.0,4385438.0,11.0,13.0,4.0,2.0
2022-12-09,2252.0,4387690.0,20.0,5.0,8.0,2.0
2022-12-10,3549.0,4391239.0,12.0,12.0,8.0,2.0
2022-12-11,1541.0,4392780.0,10.0,3.0,1.0,2.0
2022-12-12,1894.0,4394674.0,10.0,8.0,7.0,1.0
2022-12-13,2610.0,4397284.0,24.0,9.0,7.0,1.0
2022-12-14,2764.0,4400048.0,11.0,5.0,7.0,1.0
2022-12-15,2684.0,4402732.0,16.0,11.0,9.0,1.0
2022-12-16,2286.0,4405018.0,8.0,15.0,2.0,1.0
2022-12-17,3602.0,4408620.0,7.0,13.0,5.0,2.0
2022-12-18,1755.0,4410375.0,8.0,9.0,5.0,2.0
2022-12-19,2049.0,4412424.0,12.0,11.0,2.0,1.0
2022-12-20,2769.0,4415193.0,13.0,11.0,4.0,1.0
2022-12-21,2963.0,4418156.0,17.0,5.0,4.0,2.0
2022-12-22,2748.0,4420904.0,17.0,13.0,3.0,2.0
2022-12-23,2178.0,4423082.0,10.0,2.0,1.0,2.0
2022-12-24,2264.0,4425346.0,5.0,8.0,2.0,2.0
2022-12-25,1140.0,4426486.0,3.0,2.0,2.0,2.0
2022-12-26,1297.0,4427783.0,6.0,1.0,6.0,1.0
2022-12-27,1892.0,4429675.0,4.0,6.0,10.0,1.0
2022-12-28,2629.0,4432304.0,8.0,5.0,4.0,1.0
2022-12-29,2951.0,4435255.0,9.0,3.0,6.0,1.0
2022-12-30,2942.0,4438197.0,9.0,5.0,16.0,3.0
